"X1";"X2";"X3"
0,0746553048718318;0,331851821954955;0,940372773808169
0,16291192707088;-0,375767044014572;0,912282211078679
-0,135190373373035;-0,607564670173255;0,7826804804673
0,907612385143559;0,0815487469818641;0,411812530406383
0,379020818652164;0,36489638101752;0,850408049202593
0,287584947399498;-0,649950940078838;-0,703461920447626
-0,945123624413142;-0,302587982388311;-0,123214639918873
-0,381318756844184;-0,639459468252192;-0,667598377875074
-0,57824207784534;-0,616366612066411;0,534535591835454
-0,183742233387492;0,885131095072631;-0,427529807388095
-0,987951632784993;-0,0180295822915912;-0,153709158607602
-0,864412537507028;-0,401226486216478;0,302998798279859
0,717049641228591;-0,123669212870087;-0,685963364766693
0,953542454524167;-0,243309497430962;-0,177643676723715
-0,164684686488265;-0,515201497744938;-0,841098312183323
-0,412958528677417;-0,840709185451228;0,350247511183898
-0,733983282182215;-0,605187916132869;-0,30824686153111
-0,579883438917692;-0,575015991393042;0,577141063268997
-0,335703837234937;-0,0582236632982304;-0,940166442018579
-0,121148520645051;0,705882832058286;0,697891440949729
0,484101859073912;0,193721967502302;-0,853297831561888
-0,121781307547041;0,797557096416423;-0,590823147048199
0,928462526968184;-0,0998743817708565;0,357746340137455
0,595686841188058;-0,26323321947272;-0,758857996862009
-0,570818798587967;0,750212558556217;-0,3336870032877
-0,0812771641846338;0,990041739612995;0,114940751720958
-0,103574220652175;0,66923714619645;0,735794823960543
-0,586882401065034;0,396352695393452;0,706026620018315
-0,585449649674974;-0,8105498223343;0,0160528255857095
0,8403484188138;-0,0333139564210255;0,541021917582573
0,187313063792826;0,906824258650663;-0,377602410023056
0,189741365786618;0,147916673225314;0,97062808113684
-0,560876655433315;0,548963597286709;-0,619722797905624
0,461529617195995;-0,864396405914922;-0,199522594941738
-0,653958233637083;0,75638482196396;0,0148536110362025
-0,480143490695766;-0,61269709522056;-0,627745567766729
-0,325865682277399;0,778723825418965;-0,536097715755942
0,212071338582046;-0,975127073824671;-0,0644432870526784
-0,501596301154501;0,810770049439813;-0,30175002501986
-0,517052273373206;-0,266289539560463;-0,813478228178404
0,499417490430872;-0,123854482365848;-0,857462674085361
0,239117055441697;0,293752442627081;-0,92549043012206
-0,00450759212408233;0,549726220268589;0,835332726739743
-0,200875662964092;0,0116664252379359;-0,979547274280779
-0,297066295799781;-0,701865273912936;0,647407717883341
-0,59435471416687;0,478712798240408;0,646201617568741
-0,104327623590881;-0,135431767882981;-0,985278632268035
0,254893664219672;-0,923218823226602;0,287569512258789
-0,804810204568984;0,539709063669273;-0,246970972413496
0,0593364950581722;-0,546056729347548;0,835644199817405
0,726924440824495;-0,0427079889168232;0,685388127278752
-0,0224223087980207;0,631752721953631;0,774845622283784
0,713255933388165;0,340852133980345;-0,612442484032274
0,0632858724688763;-0,758215467372757;0,648925422049841
-0,0234481826764146;-0,0860078470178979;-0,996018490280436
-0,642661033571839;-0,691682646657279;-0,329487347619841
-0,115369272974271;0,112442498843764;0,986937999728027
-0,78125860751305;-0,512812221556374;-0,355891294652154
-0,997644961408277;-0,0577028779216802;-0,0370797634328206
-0,940432648410596;0,0538443446332067;0,335689172232964
-0,653189298009209;-0,703905835172965;0,279034614655041
-0,241103539646397;-0,716029897893606;0,655110882593513
0,911500478662429;-0,337733369951422;-0,234740384721974
-0,770022284162424;0,627343138154618;-0,116216474320982
-0,196745315853536;0,97991915158026;0,0323996459227025
-0,672525529524459;-0,678429568378973;-0,295707174223027
-0,40487528893991;-0,91402371333881;-0,0252319610842406
-0,144276283578411;-0,849045971554125;0,508237436819164
0,0722903311855703;-0,961952281152539;0,26348039168505
0,17293398936974;0,024428679771458;-0,984630425553309
0,362388790563306;0,890795389197948;0,274149483052114
-0,337836631237511;-0,823416608827525;-0,455907335871083
-0,856869586384989;0,213541173633541;0,469227747572144
0,363341806300568;0,1812352393028;0,913858041398716
-0,496196861662315;-0,447660647021446;0,743900947428359
0,38997252519306;-0,0123995076997106;0,920743005297001
-0,0189752157711191;0,837714834215458;0,545778157974288
0,604040748915676;0,381229339263913;-0,699856388506806
0,909905416505296;0,412624060209016;-0,0425854194642913
-0,801281829298321;0,580605795244197;-0,144375692431899
0,834704478646817;0,5231406550973;-0,172024092240923
0,0135315787718607;0,885695932481907;-0,464068541878186
0,59227539355306;0,211904043733973;0,777371554947027
-0,390940797211325;-0,433240621571116;0,812076262980545
0,292811564206919;0,52258265893469;0,800730137092046
-0,301401032025279;0,27628956091468;0,912590541493648
0,0373066022010234;-0,359894698683304;0,932246760944691
0,901840301432709;0,138901864932477;-0,409133648860662
0,848127754533583;0,233076583424425;-0,475767399312963
-0,332229114786074;-0,883080002093602;-0,331351060343597
0,9056521586358;-0,308352415858754;0,291054900650008
0,00306795300124718;-0,777526504624505;0,628842684835231
0,851337107999959;-0,401010336068588;-0,338254104052595
0,372713449432823;0,672276854677194;0,639631546499409
0,617541824009869;0,294083334051066;0,729490978855786
-0,225631371506425;0,775599540054405;-0,589521702449982
0,523599207693917;0,732597406885693;-0,434907931781729
0,159256004745341;0,785566068213762;-0,597932669640758
0,662597036814843;0,130591062482132;-0,737503316063038
-0,738556323417109;-0,651836863338333;-0,172172183391646
-0,60395818772217;-0,17204267151839;0,778226076831256
0,0368996260786842;0,200682680511242;0,978961122485503
-0,422122540989443;-0,902153260751033;0,0890620823072017
-0,133431451131649;-0,991044482742704;-0,0051846961482218
0,369783109639279;0,301290389303633;-0,878911004106087
0,202491987150127;-0,813072256787438;-0,54581178109544
-0,255547885969117;-0,930337442001569;0,262997190073758
-0,0506216510849749;0,108911094721171;-0,992761714555949
-0,732305883601299;0,197211859157074;0,651794120448114
-0,808582393930673;0,559627192164449;0,181691821542626
-0,49834905582127;-0,336279103390599;-0,799102360893061
-0,478910774174895;0,420048249516005;-0,770846248260794
0,417533171983077;0,885419499465045;-0,204201763608495
0,793607939068667;-0,197535046031289;-0,575470541936421
-0,139223793938829;0,530989296170105;-0,835863088402673
-0,107350781293599;-0,312892263847606;0,943702411239886
0,0661175127333151;-0,102144859627674;-0,992569847497698
0,770006754222354;-0,390653162620491;-0,504459815036405
-0,214951762210529;-0,220717198550237;-0,951356746014198
0,930890574124344;-0,365170364259162;-0,00966147365986131
0,899267023233649;0,431600165686398;0,0709937877843168
-0,929074531600602;-0,360864923292293;-0,0812220528450863
0,824712350278152;-0,288610887883664;-0,486367448225813
-0,955070394172203;-0,182344403642157;0,233647299655142
0,601370983840647;0,045203655331731;0,797690146196618
-0,804103317341105;0,553585815282522;-0,216703945877815
-0,830926439931269;-0,00538190707483977;-0,556356258614375
-0,819292143447312;0,00234890074201833;0,573371490702855
-0,437277144522207;0,765546966969884;0,471939127686735
0,759794166553732;-0,174834968336957;0,626215265158504
0,0710248027907112;-0,96177161963412;-0,264482190430474
0,68565534695756;0,537735099607537;-0,490629909237686
0,603540797473683;0,202910157198609;-0,771081042362258
0,926886933070419;0,297691443922906;-0,228605375086432
0,417789022791371;0,820882878011129;0,38936311204735
-0,423353051031656;0,880693644850283;0,212487406926885
-0,626878026595689;-0,527706327800042;-0,57319278726384
0,953421149104584;0,21982288041601;-0,206557531176432
0,852386232796545;0,52122936824636;0,0419244059756897
0,418709278138438;0,90121327003812;0,11179079706303
0,65053866058358;-0,256904121232719;0,714702542026938
-0,225961914704633;0,453181461424867;0,862303760935691
-0,982543758171908;0,15275492969696;0,106177656456993
0,910230448997343;0,409831160633458;-0,0593207340811672
0,571497742446762;0,707846304862041;0,415143275353713
0,733941992882372;-0,536607941497378;-0,416390523674349
0,571998063006121;-0,820196537242795;-0,00979061857978516
0,812436939112677;-0,225633368573585;0,537620500865956
-0,783763582828496;0,209750238685015;-0,584567775029909
-0,639969026282062;0,708633638647907;0,297116158389638
0,213750733973461;0,0257199914019114;0,976549592067957
-0,364858360112473;0,0335282391297393;0,93045915237419
0,216737674874441;0,399753283305007;-0,890630166105375
-0,813615136332634;-0,479624257596629;0,328619812937856
-0,193672010800223;-0,801100338591411;0,566329762365819
0,410414950735346;0,771921907667421;0,485485464948223
0,539852018350292;-0,37055513117813;0,755809958283612
0,914791157528419;0,402239492505307;0,0368853463707348
0,58312401711776;-0,796298968904142;-0,16085500546345
0,810049750455447;0,46010186637659;0,36349095496841
0,979560192396994;0,179733269699933;0,0903204364146598
-0,132172443498029;-0,846266793933292;0,516103631711334
-0,745723944936143;0,392077346036321;-0,538675368542122
0,139211828219057;0,986930678648786;-0,0811658944739405
-0,207410228560687;0,549753130332102;0,809167777891865
0,0432462587024233;-0,448388199096181;-0,892792128112433
0,382783274269794;0,626017369621548;0,679396215673456
-0,525809832598667;-0,78685253507339;-0,323089937929274
-0,118914166447751;-0,595624180057146;-0,794412523283268
-0,867075240580374;-0,237058510677174;0,438159548210474
0,00338355310313163;-0,85859601942488;0,512641616527716
0,863918141089198;0,0781597626603908;0,497530398064134
-0,0453541997454156;0,954841050989563;-0,293635086307136
0,35578980791702;-0,27525768690432;0,893110753704407
-0,380076554865089;-0,190508861701058;-0,905123298813621
0,0303454240765062;-0,110065810488505;-0,993460956756291
-0,38929695313564;0,514732032136737;0,763870942876932
0,694951288396044;-0,671922857356175;0,256051519267103
-0,0714692434642028;0,346736522995753;-0,9352357621795
-0,890947933643396;0,230108667022548;-0,391486629270617
-0,0494811975904793;-0,994900735446417;0,087887073527289
-0,21173416397665;0,0286021394991271;0,976908676090647
-0,404225342596489;-0,911130454713921;-0,0802693396980075
0,944626491678743;-0,0958877238981796;-0,313825326613923
-0,393056096368679;-0,40485598997483;0,825589808857229
-0,273399848988008;0,892020517641749;0,359933214193244
0,499023791783339;0,132058962513861;0,856466978729444
0,610871448844699;-0,444454887586558;-0,655206781014054
0,626245222417522;0,590783710178624;0,508715568060197
-0,0390023432503536;0,947714851746105;-0,316726028297075
0,0509209424840748;-0,934011990151316;0,353593919447311
-0,00512624861494931;0,0122320650832964;-0,999912045211445
0,0440630612858898;0,909008033239245;0,414442809247108
-0,190780531550074;-0,59998995759386;0,776926534215423
-0,127767027732097;0,977875674624725;-0,165634391361649
-0,613484464025888;0,639429544031969;0,463429250930427
0,167050732506166;0,00133496706893242;0,985947397497492
-0,485675015089578;-0,868028202631052;0,103183424806717
0,291825202001211;-0,61975712441278;0,728518467999648
-0,111124835871455;-0,847515537571462;-0,519007403056544
-0,383651133097411;-0,0558014817118498;0,921790650154272
0,0260742087620259;0,926195534552275;0,376140887717436
-0,377890644147959;-0,290132399917914;0,87921661243593
0,557667362074057;-0,243465810598553;-0,793556243972002
0,0842674595440487;-0,511179904748738;0,855332742412603
-0,275114178297106;0,949303320763812;0,152103234964635
0,873176986734998;0,483706896636817;0,0599131703581876
0,271762025433263;0,760836032553572;0,589299527490521
0,900517362551277;-0,0202257974396052;-0,434349394913386
-0,178641442598443;-0,531450750183791;0,828038244959394
0,754767441709732;-0,655923664003559;0,00950031236818609
0,63471064776401;-0,744848196052298;0,205775504986937
-0,738344500466687;-0,576774246358055;-0,349540938044024
0,823484964561925;-0,00748721047781628;-0,567288687371524
0,483287929877683;-0,70660930701146;-0,51685207175683
0,907175172203114;-0,32295777061485;-0,269687755261037
0,315307909540749;0,802428295105054;0,506645589535563
-0,0409733484092467;0,948965301309838;-0,312707597653244
0,434092247136478;0,656044436002129;-0,617389357672005
-0,13319502775878;0,280643630300694;0,950525242879949
-0,0333252911652862;-0,684564537964652;0,728190097659939
-0,913295528221489;-0,298550440968444;0,277053988110945
-0,684349405318575;-0,405319396846847;-0,606120514402722
-0,432267762056551;-0,793411132265854;0,428536296109485
0,398385539076368;0,0648528187750194;-0,914922441604624
0,763018065523472;0,610172084563645;-0,21329195696058
0,257188545548617;-0,966105079901377;0,0222491938582076
0,699931332685763;-0,647383396167136;-0,301646925878313
-0,840941881820244;-0,52390074209364;-0,135442843422456
-0,0901596529431114;0,573681799211895;-0,814100995106983
-0,718485609534583;0,660121099865929;0,219131381603627
0,777121199146425;0,54711326562839;-0,311046164436506
-0,67076250184612;-0,707494294545856;0,222552217023771
0,0547932178435325;-0,0313079736293658;0,998006770550969
0,688205790704641;0,338749751230827;0,641577271793236
-0,300365324197461;0,227444083229175;0,92630980833833
0,134106487299158;0,628780235223696;-0,765931371505511
-0,684168545955344;-0,609470064811104;-0,400574138986154
-0,163659563895379;0,800925333810236;-0,575963676638151
-0,836357411893615;-0,115477877103695;-0,535883512967359
-0,264233867205531;-0,954435366979999;-0,138685232376649
0,347334952934149;0,663546986250635;0,662618915748661
-0,250824637372907;0,914775118082853;-0,316659887929072
0,475574472291562;0,684304597336873;-0,552771326470741
-0,0797578081571238;0,495303007168515;-0,865051225724695
-0,309671751490511;0,874973753604558;-0,372188576976712
-0,616546327748905;0,348583659708886;-0,705946214610787
-0,102442131523949;-0,880876685175848;0,46212755295745
0,162669673032237;0,905848600566098;0,391122602681087
0,0979497156772399;0,248920936054904;0,963558104523177
-0,920939265268437;-0,0917893737856972;-0,378742102949833
-0,438176982602275;-0,0649045109021083;-0,896542434233943
-0,655014665705242;-0,720457369590329;0,227809056698881
0,833620204233723;0,2688358460132;-0,482498334703544
0,745459751316392;0,244540006914318;-0,620072531391005
-0,54805978032358;0,833610129738549;-0,0687359352082109
0,507432403513868;-0,847452545517823;-0,156001727424735
0,830628978698017;-0,344009594153612;0,437850315607235
0,497853121826409;0,190807692555254;-0,846011048124928
-0,984308318608823;0,165041903781291;-0,0624363989489953
-0,366507580660494;-0,88089794765106;-0,299484555766305
-0,355497855089868;-0,930781752521663;-0,0852443792821839
0,33953880070191;-0,674900711470693;0,655150694477432
-0,358707400414707;-0,6372937306807;0,682045234367045
0,240178582418184;0,527539077355691;-0,814872241771861
-0,638295720236691;0,236231178778079;0,732648212787449
0,143700965649469;0,0321014456015706;-0,989100363796162
-0,483233949151349;0,41715962843125;-0,76971604815977
0,526830352535358;0,522132692266163;0,670691606712324
-0,451533344855107;0,844626158596593;-0,287618307307309
-0,542020301475078;0,837206061109631;0,0728011265720738
-0,271277599623497;-0,958965311489804;0,0824256956402326
0,727339509556533;-0,652218241911358;0,213514877130655
0,208683216699946;0,879629382992771;-0,427438257112674
-0,0235050406800838;-0,84260665271438;-0,53801630260067
-0,947489980631714;0,0199494270437141;0,319162587035421
0,713621094832246;0,616790770247142;0,332135633060297
0,154736716531585;0,489614530671661;0,858099155058548
0,752881543325343;0,630923658137976;0,187362534466856
-0,943512303981869;-0,243503468091212;0,224701119851185
-0,0499094575503401;-0,819970093283153;0,570226351695753
0,239819829966002;0,311661512720479;0,919431101629622
0,836835561774331;0,157297731505229;-0,524369780034232
-0,557817366863169;-0,163313509495545;-0,813737354950656
-0,925753132363689;0,377737774812671;0,0171846268039016
0,523323191388913;0,512883404859239;0,680502351483458
-0,218104471491326;-0,962677906027975;0,160255074057213
-0,696669966669912;-0,260856948237789;0,668284827073165
-0,762917788729404;-0,636426129970143;-0,113658386102666
0,826706056079936;0,534221446952365;0,176534819389486
0,902575932071808;-0,42000526877605;0,0946163888819733
-0,371163214555017;0,678309415523509;-0,634140524626318
-0,224235192533542;0,705175550288481;0,672641079406233
0,0512973466441777;-0,48956628016977;-0,870455880299514
-0,471689496558802;0,622873061192932;0,62412992916239
-0,743417098552436;-0,653397648856163;0,142837425239735
0,871939071603821;0,0805854467823721;-0,482937098572425
0,233613082518106;-0,970148243379865;-0,065094650650803
-0,505507290231423;-0,15400507337618;-0,848966911544426
0,320846943898122;0,946925939810803;0,0197104821012065
-0,390198086171439;0,0660635638185381;-0,918357805587637
-0,80230377983274;-0,574659652516308;0,161477331647308
-0,259216722747864;0,866273949228564;0,427055190269132
-0,867520723424982;0,496552352207258;0,0290440345963821
-0,88550299648621;0,192003633559129;0,423106426226351
0,46147377178706;0,537848877317366;-0,705521468929949
-0,660915706121633;0,290787799018571;-0,691832989487837
-0,0360021259533515;-0,731134909141648;0,681282314140968
-0,508830171144609;-0,413651286383167;-0,754973158600025
0,492174224761989;-0,270056625187664;0,827546948319057
-0,683454157299891;-0,53122871436087;0,500685997315676
0,484045247715803;-0,630330863474292;0,606945797180853
-0,936169795251008;0,111983949101422;0,333235216631339
-0,383098430778299;-0,882870832325962;0,271614958651521
0,519542662620697;-0,734382459846993;0,436758313471049
-0,583655314788425;-0,809456364080884;0,0642407049165818
-0,701615600760237;-0,710739153233799;0,0508468763087128
0,791975185692794;0,364705348764523;0,489658364402583
-0,00426359923480255;-0,823283577752058;-0,567614281290856
0,422080996831837;-0,818919601489957;0,388867996123329
-0,655355942050395;-0,562793614296828;0,503757815746766
0,331002742170399;-0,0277396070381284;0,943221977520163
0,2544638828262;0,864458976529839;-0,433542166615886
-0,985016457173458;0,102458826536106;-0,138725513018675
0,568656422419458;-0,687656218239566;-0,451396498388679
-0,728161899933108;0,684842789875948;0,0277596945360438
0,719218317559234;0,121583420829374;0,684063215987157
0,708894325246723;-0,298792752416269;-0,638898839204223
-0,684137780980591;-0,589205982123348;0,429874176085298
-0,888806732231054;0,210627052155168;-0,407012085374843
0,851077502567228;-0,475969994415517;0,221629531064846
0,186087069266426;0,304065574521583;0,934299592765989
0,0642457409561384;0,433977247425087;0,898630198405518
-0,214190453439033;0,962969814466997;-0,163742438240604
0,218248125683172;-0,638215044533717;0,738274550940643
0,535823898068477;0,27480203287915;0,798358686922231
-0,407753107537256;-0,249248341106742;0,87841486084267
0,302756375747577;0,945675009888135;-0,118479334135824
0,314925517080487;0,846467175946862;0,429319506587031
0,452566852133371;-0,804703991816197;0,384232650753641
-0,127687293839748;0,976499778746813;-0,173620670138402
-0,205030151105252;0,948145182504778;0,242864880192133
0,0242531185486091;0,944940518589697;0,326342155671164
0,391364229716909;-0,050926288546269;0,918825637884029
0,262408184665168;0,717330131995177;0,645429644773552
0,382243395699538;0,923343608860436;-0,0364220595336511
-0,532789919141903;-0,55464199012494;0,639145652297667
0,0787435168029004;0,982458329433251;-0,169041679738275
-0,632042480991578;0,391610601898776;-0,66870280297191
-0,949503414030804;0,166778214006025;-0,265759842859691
-0,63236926229661;0,754454879876402;-0,175803726732758
-0,02157504845077;-0,980752528824341;-0,194059255097527
-0,0121619237964689;0,989308163589061;0,145332188676865
-0,81826141618537;-0,496763649742153;0,289264811335856
-0,75145047624234;0,570242690933483;0,331881688545935
0,19990504638211;-0,739174484869429;-0,64316331778871
-0,0710645258343273;0,639068003015082;-0,765860248798864
-0,838942567229738;-0,352803858618958;-0,414372786550409
-0,285285245774874;-0,388219335560272;0,876297937941378
-0,209667722766806;0,440348608093755;-0,873002032861135
0,365632408246416;-0,160849643123324;-0,916755329598375
-0,509075401369388;0,14208084050377;-0,848914171446289
-0,409333764084663;0,903587293304319;0,126395699923915
-0,406023564618001;0,62542307910864;-0,666326374304034
0,00154204191583732;0,730830848156171;-0,68255687930755
0,818674481189581;0,253073736126221;-0,515485962885593
0,898997804368318;0,437950829992372;-0,00142065123670081
-0,900622280658092;-0,426983534384325;0,0810220275411987
0,474537435076029;-0,324065148527083;-0,818410656224357
0,39381569342957;-0,661900609500407;0,637806226648484
-0,0174004528400669;-0,26495985161131;0,964102432978505
0,0642830804024608;-0,997311232846344;0,0351850879276437
-0,265212893392662;0,346164473575571;-0,899906816516266
-0,189209894146638;-0,106970099977055;0,976092728006882
0,551357106786735;0,198674464504682;-0,810267732264798
-0,0749955570407766;-0,99622652467166;0,0436849855759458
-0,62099895398902;0,278091554115909;0,732820159844107
0,547862988689487;0,0532381897487024;0,834872349989209
-0,333618540942125;-0,532085213727034;0,77819277462124
-0,515542123035289;0,793583370768845;-0,323174493138653
-0,32304185064939;-0,616876744610828;-0,717709582412945
-0,976799384625196;-0,138715423576728;0,163159411183562
-0,319107489834107;-0,809892795407647;0,492182963823986
0,206443591597612;0,262703403819946;0,942532739542607
-0,845144267350135;0,358680528826915;0,396332493754483
0,944690897440962;-0,13214778936891;-0,30016007405566
0,725953898216889;-0,365081299020228;0,582843531978701
-0,343223174238432;0,208286661993893;-0,915868177796967
-0,0294428026257788;-0,951282520389648;0,306911530859721
-0,708862373297395;-0,517686761679883;-0,479076770992478
0,0509842855337141;-0,856873960057746;-0,51299865419275
-0,764479276562274;0,0924810620722263;0,637980163378781
0,242417154979285;0,967897874242098;0,0663899691924765
-0,814915051068566;-0,339430244631577;-0,469787790998515
0,674558813629583;-0,642274492824523;-0,363942142134779
-0,153099977238725;0,801770796743309;-0,577688485655635
-0,895979104567088;-0,403350541505421;-0,185821917023915
0,202152548659537;0,0057748261944942;0,979337019852143
0,201753123981505;-0,526336558586587;-0,825993646500342
-0,632846828986728;0,148135353804127;0,759974215348632
0,40504502867476;0,554647118446784;-0,726845993828501
0,519036420827336;0,596816022631389;-0,611892007616702
0,83210759672913;-0,553783196060611;-0,030349946071885
0,144179635693625;0,1482784200083;-0,978379140625502
0,780928922715747;-0,603581989385701;0,160744517030046
0,954591508067349;0,230252733901269;0,189046902266858
0,599280468671771;-0,538160677688861;-0,592660109049031
-0,74256760970047;0,632206604820547;-0,221151879587328
-0,429908467934007;0,724471886818084;-0,53881276377688
0,412119034037468;-0,867818669143874;0,277576402580226
0,854296003158091;-0,430932814624539;-0,290646259683285
-0,0499490038040678;0,531025154667325;-0,84588260540664
-0,424120294193273;-0,238291526439534;-0,873692808989824
-0,337497364953233;0,941308658332344;-0,00579123459948856
-0,0168326059475054;-0,969421214058903;-0,244824780423835
-0,0410400419339094;0,755386159311899;-0,653993474950692
-0,453423957206579;0,288181740447135;-0,843420416817133
-0,271839928537562;-0,958500275526149;-0,0859085273357016
0,908213276259365;0,337550703943285;0,247402843746033
-0,229240522612072;-0,951571414430795;-0,20484293014581
0,729389727339708;0,0103622139393779;0,684019919427483
0,477053669517514;-0,873414808338742;0,097807816530541
0,236392031743223;0,239521694495726;0,94167306704302
-0,983446962443301;-0,0319534094568277;-0,178356529695802
-0,573752093983515;0,5366495441198;0,618721101503369
0,977138058002559;-0,0353337640560639;-0,209649089481968
-0,614018466871989;0,678062637381771;-0,403995522409653
0,166603691484446;-0,257829167549602;0,95171809394612
0,0803077576826045;0,303475687053078;-0,949448877730473
0,489921422885475;-0,730251677304381;0,47614019699245
0,105498153959669;-0,0332561218556041;0,993863255116229
0,419317891023722;0,261424179400328;-0,869384785174138
0,809948239483934;-0,0586205706492619;0,583564459210489
0,256020936260907;-0,83642584701334;-0,484608174347179
0,696892946075181;-0,655962451690599;0,289919788360011
-0,636779382330571;-0,756894662035735;0,147045873184213
-0,431823360591154;-0,836399693015541;-0,337585750249133
-0,123491637734338;0,604948718563921;-0,78663006764143
-0,902292544021169;-0,399891036151688;-0,161106561658229
-0,344502432700473;-0,501696829023562;0,793484949832799
-0,492548916041109;-0,281095173433716;-0,823638918931711
0,156316232504608;0,344108340645556;0,925826487714479
0,921462080896555;0,383079979946964;-0,0644776118790471
0,665044619666819;0,72801792490187;-0,166449856935329
-0,0895353878134606;0,522133884032158;0,848150706817242
0,531879522318284;-0,208176463420272;-0,820832951224732
-0,406919466061512;-0,89917889739202;-0,160915687939632
-0,809655965012349;-0,586884169381073;-0,00491833811452276
0,775510989200823;-0,630512775316352;0,0321923250423634
-0,805164505700969;-0,569011908927677;0,167139361784699
0,503952190825577;0,274171703276831;-0,819061698826396
-0,578425399960014;-0,636576418176044;-0,510092658742758
-0,131939105328591;0,153192312454736;0,979348859135427
0,65839829661254;0,317783009816263;-0,682294395176908
0,39557998516767;-0,916215391691393;0,0637638719223717
-0,305728435705913;0,480223743222309;-0,822140669257013
0,647915326047453;-0,372478696998472;-0,664428589507663
0,984639580577589;0,16119709194856;-0,067084975272541
0,854983411520243;-0,233032055380156;-0,463356695419961
-0,678331589876143;-0,677624000189119;-0,284063317842697
-0,740485012148759;-0,115052418118104;0,662151710613383
-0,366122153216138;-0,930528490611883;-0,00844376005994347
0,52314045259174;0,700846727677407;0,484910230007555
-0,464319630019046;0,587001134743232;-0,663202042358988
0,408409638602922;-0,912382848389332;-0,0275518613018967
0,894901732457204;0,396463820149645;0,204859289653763
0,842172295684478;0,505136509495233;-0,188634384873248
-0,409067562792853;0,885643192791777;-0,219772300648428
0,562183751505615;-0,737500577802532;-0,374222296615266
-0,923784782687387;0,333585805929795;-0,187995173760887
-0,824327864104701;0,022209014686827;-0,565676879611693
-0,937524082608415;0,328964605305186;-0,113273487567276
-0,268346515894387;-0,0213484654527662;-0,963085868669121
-0,625598650208444;-0,188404686368704;-0,757053500759149
0,765575494678532;0,373161240254421;-0,524065693133508
0,366418416113684;-0,836111026847064;-0,408235097851087
0,467186349065821;-0,872381199439444;0,143833091154803
-0,508864146467921;-0,368013865400985;0,778217884215019
0,189748119793942;-0,947077644686714;0,258920037790299
0,631120371383409;-0,639331693103949;0,439251708041877
0,908341268386406;0,082565094099665;0,409998957782197
0,807452768744974;-0,57556864536694;0,129386091665764
0,950440763460642;-0,0945289719104441;-0,296186813720507
0,435731495905469;0,861440949330979;-0,260878428183943
0,904190326187634;0,395391972853262;-0,161570547538543
0,607364554312413;-0,646197314413109;-0,462100994383446
-0,705221141897454;-0,507458180463204;-0,495125576093404
-0,0172271772245612;-0,296228362654982;0,954961769666002
0,869212821127669;-0,17346684375239;0,463010070847129
-0,27557372938566;0,270330519842861;0,922486059360231
-0,693551618211668;-0,712513081656613;-0,106354413844341
0,920632379019097;0,0967610949578765;0,378250331399974
-0,791683376470808;-0,594937882655867;-0,138875293701708
0,780257954989525;0,192477333398061;-0,595105032581255
0,0993299428136713;-0,542908088021589;-0,833897098220983
0,543346825071223;-0,249608266148018;0,801542226682788
0,378351796663335;-0,565970377561115;0,73248034081807
0,966077098497614;0,240370802864672;-0,0944294280858682
0,821652554488498;0,389961555830469;-0,41571271892595
0,0542279506729348;-0,985265371979814;-0,162208126008817
-0,747824867531406;-0,385220314298394;-0,540706276044103
0,765812552129652;-0,56125551911168;0,313884337403681
0,720353921262607;0,183752469604142;0,668823786984258
0,734283957227232;0,468175182042491;-0,491567969947389
0,252896731539719;-0,90355184905428;-0,345886251890876
0,172240495272875;0,905012113359379;0,388955378495972
-0,375127448100261;0,586412226429068;0,717913712347305
-0,72000433403601;0,681653897701888;0,130160373067942
0,250176176467;0,831995059220012;-0,495172800304945
-0,394847928996545;-0,912652067568832;0,105647132140322
0,68827273739195;0,720275693151392;-0,0865075997717776
-0,0641153053952909;-0,153895078751485;0,986004833837108
-0,69265197441057;0,607270561623791;-0,3891731071519
-0,364938040758058;-0,794332956676262;-0,485649441825704
0,659702951704311;-0,293411140774909;-0,691882878803765
-0,0201154150416583;0,995153650744165;0,0962526960051629
-0,276136621887047;-0,142532737612333;-0,950490917769099
-0,914092828928452;0,39264192533252;-0,101324323697482
0,129031995822724;0,90529175575255;0,404719138441055
0,659382117951546;-0,18047601803421;-0,729824382601903
-0,766475369935947;-0,617972344173006;-0,175001968899992
-0,900985492441656;0,427381879568598;-0,0746315712421884
-0,488587729343486;0,660400787507028;0,570221738094116
0,00465331579747853;-0,814865417076816;-0,579631519764337
-0,179897574279753;-0,504350449476827;-0,844551648438853
0,932723907498956;-0,265396909775663;0,24411184457418
-0,508231429725495;-0,081460986404758;0,857359272145081
-0,229717479061296;0,0413117585630119;-0,97238018203692
-0,607582007724483;-0,434079948774886;0,665145624627479
0,938582949215021;0,153657273767544;-0,308952244952452
0,410728708911069;-0,132696979153822;-0,902049577018745
-0,369821400125027;0,538593741970924;-0,757065989937022
-0,151369754148296;-0,00826720916457719;-0,988442639095316
-0,453943859464875;0,867667793444719;-0,202700697267933
0,469809371451231;0,454861165160636;0,756558309005531
0,939500768775396;0,302503970591219;0,160716064060154
0,246322011362947;0,969182058433348;0,00340651273457683
0,436396988056032;0,718629012215419;0,541414823973184
0,286432144288211;-0,900259496045198;-0,327855862383004
-0,487042145863654;-0,207287061560695;-0,848423256554215
-0,262491003256602;-0,937539559517046;-0,228293774663097
-0,161887333018677;-0,165132347162637;-0,972894546869628
-0,292256771505302;-0,762258061666963;0,577536688819873
0,906547201029775;-0,0640234219874201;-0,417220773382751
0,964218247477726;0,0616416655812156;0,257843899085
-0,116617100746983;0,960221704745443;0,25372175616041
-0,631729565497108;-0,687266540643262;-0,358583962537477
-0,285470828268039;-0,95838635368606;-0,00141537143508399
0,795700294354546;0,455569364733949;0,399146082881938
0,149802137595699;0,156293316835969;0,976284650439702
0,989623711131806;0,0164422821230639;0,14273948901512
-0,685181798628962;-0,0461143827707681;0,726910838087624
-0,989840086864602;0,0595038806338938;0,129135164170661
0,624374508008041;0,661914700890992;-0,414759451361997
-0,571630424882835;-0,803394904519765;-0,166719179280449
0,397260230421969;0,222394294498745;0,890351103273023
0,362519584228137;0,739042146836485;-0,567799485954662
-0,034400649915283;-0,101471604093111;0,99424348569562
-0,668620150932334;-0,131402774466371;0,731901909158436
0,983680601168338;0,146027718873416;0,1051112753501
-0,00363033710072324;-0,627022830323596;0,778992420313268
0,0617259061034454;-0,841718200452488;0,536377090807142
-0,676373389744048;-0,144573058868922;-0,722231035261868
0,78191404295292;0,0102387159859858;0,623302172407556
-0,223209278590652;0,471457481847303;-0,853173757660912
0,163085421828388;-0,942900421523601;0,290416838832861
-0,128043074917016;0,812308660212625;-0,568998779883898
0,571295214816356;-0,808965446652269;-0,1385520972437
-0,542225980811536;0,745279678051114;-0,388006684500404
0,163542684721345;-0,664561496723381;0,729117142403684
0,349061111415842;-0,724690439901691;0,594121289647351
-0,956749106286713;-0,248602522604696;0,151089157037018
-0,377609805842683;0,237574023283194;-0,894968948060483
-0,409071713730888;0,648308566611781;-0,642149776518728
-0,546017721570555;0,824084308978065;-0,150830034897049
0,774190292095387;0,617720634600255;-0,138023944351397
-0,0253455837335608;0,501838470264712;0,864589932365384
-0,708679227487347;-0,485475772951962;-0,51194435869988
-0,116250927744648;-0,493718474844659;0,861816563658168
-0,099212911719302;-0,936411528773097;0,33658616568274
-0,3755664644388;-0,92606896532146;0,0366892662420438
-0,0183785466818781;0,296656503378171;-0,954807387919312
0,0938758465968095;0,0569803514219043;0,99395199329624
0,0202319931211612;-0,556793953185342;-0,830404214916196
0,489499198010954;0,307339881494933;-0,816047016040934
-0,399078135761305;-0,0667800924994793;-0,914481853730867
-0,713196585143208;-0,378406454815644;0,590050155405388
-0,226058790965529;-0,935753425246742;0,270671295423423
-0,796238517727426;0,0756127830789791;-0,600239060643577
-0,257547857733286;0,579593001862095;0,773137150297074
-0,0545060210932401;0,30652661017385;-0,950300231989823
-0,62708806907718;0,588053401862235;-0,510836324255928
-0,641425541155492;0,762636384804809;-0,0834207391793881
0,996077749702833;0,0879280829494319;0,00988780945299142
-0,958639350036102;0,283349097945044;-0,0269051157977353
-0,414013593131582;0,723138291016419;0,552868661408955
-0,222029995189628;0,212501642392634;-0,951601667304407
-0,537668512463836;-0,789449726557789;0,29611095883597
-0,662955587726562;-0,664925525208217;0,3440406002621
-0,803502316031779;0,329797435352771;-0,495598304846074
-0,132287113877526;0,985831978735003;0,103128217309251
0,0838683523991719;-0,846952711728316;-0,52501162231126
-0,0539265114053701;-0,989477896957751;-0,134258790400157
0,89472937547384;0,445978108529325;0,023724910469772
-0,806166782913211;0,290643802678719;0,515384611811235
-0,639894607234954;-0,33156792719584;0,693251470454033
-0,586721381032219;-0,51788690083323;-0,622536086492179
0,845383397709132;0,293089864073835;-0,446570534691827
-0,276741650041613;-0,849886911015194;-0,448448768107682
-0,0297201753936421;-0,0906893956306164;0,995435655728046
-0,723612098142871;-0,127706718124483;-0,678289411362986
0,219164281812461;-0,756329968808577;-0,616386239187447
0,71489781355978;0,681117339121556;0,158114789047128
0,434068593813974;0,0433953188267915;0,899834041458912
0,753086533755344;0,591936324068895;0,287179492520211
-0,915178378850341;-0,241220976657895;-0,322894681444389
0,0136918357582406;0,878319269276348;-0,477878431038096
-0,829511558187912;-0,115598957131466;-0,546394963321203
0,901218470847626;-0,409718662399837;0,141194495233897
-0,358180023937346;-0,841355977141187;0,404755716674934
-0,0944980817790886;0,92822526708798;0,359816572824989
0,135202790008804;0,785934286049251;0,60334691810441
0,723885604427226;0,416386063658136;-0,550102061161666
0,186128972573696;-0,33179450360512;-0,924807230154529
0,0234502281164433;-0,575384642647812;-0,81754669579562
-0,505244131165703;-0,796207601011895;0,332839036192416
-0,317648095732609;-0,9445278218642;0,0834678441192616
0,644122052843741;0,696538461910725;0,316134389333724
-0,782002280722991;0,539313922759496;-0,312430673368996
-0,865304324261935;0,146261575914288;-0,479432975320498
-0,798879228938782;0,344957426036849;-0,492743697871631
-0,355315727320219;0,830026317080733;0,429891901380217
0,169601769111001;0,975802832777921;-0,138000258901943
-0,384407864543818;-0,903742838660799;-0,188359961897913
-0,00348795049810836;0,396221023767762;0,918148536199753
0,489036711679021;0,176695289005416;-0,85417906171567
0,020304372245616;-0,648154104105194;0,761238457908759
0,828715196214425;0,43949350391026;0,346520682765069
-0,745834197933656;-0,536375835073198;0,395009256527223
-0,836939472816481;-0,394147692569522;-0,379710304421401
-0,0344762771042563;0,806665062757148;0,590002426134026
0,359149779834579;0,595649512076753;0,718479710505106
0,520226258644941;0,709799511180034;-0,47492030251914
-0,738599788222423;0,022483974456756;0,673769117525002
-0,181234146181752;0,317428867426973;0,930802394916236
0,800009208535468;-0,0129734142714543;0,599847444589536
0,829857223235957;-0,318973003677834;0,457813512216325
0,596659560158536;0,578547256207549;-0,556129878361287
0,719847404090408;0,594975227221227;0,357525095367235
0,356329240350436;0,0131734445447621;-0,934267591662104
0,942753451405126;0,0510823426110217;-0,329555039617198
0,263481074877137;-0,298397843728473;0,917352958266221
0,0198721412118473;0,995984640698345;0,0872908557447162
-0,713415731827045;-0,0795320552159177;0,696213074981226
0,511106079976773;-0,340592560819171;0,789156057142956
-0,380355262227052;0,148625589795584;0,912819975983275
-0,352740420632206;0,358130693366243;0,864474755051429
-0,504503967026589;0,504982420431512;-0,700334564554375
-0,574448916905933;0,490205846738687;-0,655520152008164
0,0847035880015496;0,994994397389418;0,0530231208373487
-0,925993329784774;0,368027719199073;-0,0842137227251864
0,817860616211457;0,18241443873384;-0,545737102451019
-0,391800676872022;-0,22233372362284;-0,892782137445989
0,324161245284413;0,698944933653474;0,637491542513154
-0,685629561142294;-0,597119380317548;0,416365885414515
0,900319513635873;0,431232319956705;-0,0588511647397222
0,573960620283442;-0,799478208343963;-0,177211175570201
-0,0609194085986358;0,211451704275364;0,97548808419941
0,880734348965033;0,164209272060101;-0,444232283296287
-0,0923319422115696;-0,607454178585993;0,788970362793087
0,904845467907753;0,0736719762950421;-0,419317444325398
0,345911171956483;-0,274596726065426;-0,897185654783803
0,157776651352247;-0,707233382341361;-0,689149817666718
0,210864081284897;0,962956916597201;-0,168078303184817
-0,169195426417146;-0,467819516898261;0,867477842534666
-0,79572926479721;0,605604966309047;0,0075869576978852
0,948119515161761;-0,17400442771697;0,266067367605117
0,527470861852988;0,849437871744024;-0,0151588899015833
-0,262262476480869;-0,547601601350566;-0,794575911809827
0,451290110310324;-0,884372466023281;-0,119258449075927
-0,622763213853979;-0,265151943451197;0,736111694211087
0,165993537680166;0,986118276400186;0,00410979293271197
-0,402218093459531;-0,0695291514429594;-0,912899941063314
-0,607805889411296;0,739943196985117;-0,288194493410939
-0,0014294010408251;-0,259452369152607;0,96575484723286
0,572144409128822;-0,395733103417057;-0,718363477609028
-0,575932185302653;0,230186275571543;-0,784421058151177
-0,363219383586715;-0,569587865531012;0,737320380042972
-0,00201836797975345;-0,532195978964444;0,846618784438885
0,207743143656972;0,87093187523593;-0,44533184813299
-0,558332100534449;-0,828660661504579;-0,0398343267494715
0,272395514369585;0,105979481461219;-0,956331027030149
0,787358576692832;0,579545881128491;0,210221415120436
-0,446384808882994;-0,88222052909134;0,14975827338845
0,369655506272715;-0,285413879310896;-0,884247546888861
0,931659904030255;-0,224378776669693;0,285769116250423
0,240637522444423;-0,492823021677828;0,836193190654017
0,867875690457436;0,164145700022019;-0,468879488863941
-0,971657935689148;0,206195070371572;-0,11560470996792
0,99668040522518;0,0813253657420084;-0,00378876326780856
0,507169516361094;0,69493654912304;0,509747265188361
0,922570284619263;0,373453411970092;0,0969361595351758
0,18229567254303;-0,95910718739781;-0,216521802260067
-0,36219877577997;-0,831538442824361;0,421136397060059
0,286590706357374;-0,907642692660895;-0,306676555166616
-0,950418614854084;-0,193864084602305;-0,243148459259266
-0,615416242919042;-0,780629957209489;-0,108994118458395
0,854859489826662;-0,467329681025328;0,225428973040432
-0,678045821106408;-0,733535848494294;-0,0466800112884882
-0,182845825808621;-0,747360910444764;-0,638763707112056
0,820071878703774;-0,400776084906209;-0,408485793543073
0,531707162544389;0,0966742833740487;0,841392640943043
0,358178603675235;0,90763899337853;0,218859648103685
0,708456503882926;0,233016733566537;-0,666177591925729
-0,647446311361839;-0,341851667851722;-0,681139274371214
0,538615601714079;-0,464601442680357;0,702878889318431
0,927805443052919;0,152312058699529;-0,340555570525705
0,844467612794603;-0,506427136038894;-0,174373182641219
0,457387571696334;-0,117074860271963;0,881527133076476
0,475333073054689;0,726039787500018;-0,496915180516066
-0,807960625946588;-0,0478379621226608;0,587291372574082
-0,75397504237621;0,315353149694956;-0,576258645446003
-0,0528274272471778;0,644535661968811;0,762747037608716
0,0966965325690596;0,980061990990292;0,173574982083438
-0,342402048583565;-0,920075293059348;-0,190321549561614
-0,345459253116484;-0,662232965318302;-0,664910072176628
-0,949355285183499;0,152953886522254;0,274462476655542
-0,332986168806782;0,906337069549626;-0,260140976671453
0,178893006270182;-0,818905734273159;0,545335392838347
0,746767348076434;0,624146143720077;0,22973924158978
-0,00829866728016309;-0,41846197539586;0,908196403466325
-0,992272582617131;-0,0109457735986729;-0,123593332452265
-0,646733258018448;0,693941509128666;-0,316514256994961
-0,788031084933004;0,53588707355196;0,303038039822113
0,56263076796257;-0,0811651452131565;0,822714311376905
0,861091678172303;0,417250042580024;0,290557264148353
0,38107762817467;0,910027025578797;0,163189013174831
0,810572226014342;-0,389872248707346;-0,437003771267517
0,826501566692638;-0,478107952539188;0,297166529026067
0,136104969599538;0,0991955516408355;0,985715821007748
0,350269728104248;0,00787992521885196;-0,936615729289404
0,312212415102657;-0,94889473913209;0,0460671455943389
0,497657618732485;0,265210277317931;0,825833157073788
-0,913681007330556;-0,405126953331173;0,0325448694577515
0,924212240521629;0,104318479782334;0,367354582448475
0,692092137979463;-0,695610449668864;0,192703333802241
0,249452559185626;0,90468916850654;-0,345414141434145
0,229852187744799;-0,518764916200985;0,823438481920729
-0,323621355501555;-0,906695160874514;-0,270505274458883
-0,378887984755149;-0,458925521650556;0,803636273811696
-0,132686083431275;-0,632310149774835;0,763268155863583
-0,052137477084754;0,987729495809742;0,147214559710206
-0,902871052306149;-0,363324784101292;-0,22982376762497
-0,259527077582989;0,508244149377778;-0,821178166188369
-0,859339639389769;-0,257867386666086;-0,441633100058709
-0,980362408929026;-0,0458932182510324;0,191789884189547
-0,978806183350822;-0,15537983291173;0,133400011088903
0,529123278849937;-0,355227462408686;-0,770611449259468
-0,591706610173979;0,386029592893533;-0,707717769232108
-0,558774098789221;-0,786762511116047;0,26225227858813
-0,791426874597534;0,543751242994255;0,279245569180572
-0,554292829407428;-0,182773218205889;-0,812005794298397
-0,0389295017636493;0,299180608728414;-0,953402043868865
-0,955920080556314;-0,175960825868324;0,235062943376764
-0,745048938108487;-0,350008604187417;0,567799310336136
0,409375677461018;0,837479557683882;0,361993846860609
-0,572432672344012;0,745684680310038;0,340991485500753
-0,633978441329429;-0,353892122599202;0,687627589245617
0,629538027623829;0,590404641289888;-0,505078440758322
-0,420691370037511;0,894707920778085;-0,150055015487384
-0,190252293506035;0,802557741577224;-0,565424739687043
0,673922662087701;-0,258762538398034;-0,692004475597111
-0,150135081894306;0,197859327011329;0,968664618895113
-0,669854415395936;-0,274283504509665;0,68997363814023
0,599014478800206;-0,56227653982609;-0,570111170692977
0,0701314060929585;0,996350783118848;0,0486487703635267
0,131934520183415;0,963280878794483;0,233844458845833
-0,0168102204294448;-0,728961579392232;0,684348180577034
0,8720983186931;-0,461059535462991;-0,163916525375932
0,829659110892084;0,440358595603593;0,343147296349233
-0,905042193202278;-0,373974597746851;-0,202587336138494
-0,536908096622758;-0,354509738051181;-0,76554068566459
-0,577090046144359;-0,136826284937537;-0,805137035784154
-0,603897068684601;0,739197092584222;0,298154303589902
-0,770895098937345;0,633442465390208;-0,0668684490231099
-0,37877360626126;0,530324950720995;0,758476104991195
0,28871154256854;-0,345253263007162;-0,892998224841797
-0,532447578824955;0,710286918097875;0,460425965582378
-0,515961490313331;-0,331497370572886;-0,789869124486398
0,871478292759676;0,275070522630215;-0,406031763324768
0,287287212150987;-0,629937792384961;0,721556952332714
0,855573495445221;0,47727439777513;-0,200507214633374
-0,966889960555033;-0,239064430493429;-0,089286069746295
0,485545853587949;-0,373868007370033;-0,790232837288297
-0,112074910697248;-0,059321959831557;0,991927476922556
0,920924701484414;-0,355590204942899;0,159540904925695
-0,998302233939724;0,0479657299341503;0,0330444921710145
0,383330769166383;0,268650576842768;0,88367663145087
0,725783691426399;-0,608988300483421;-0,319955126750273
-0,610254441006932;0,75890924733675;-0,227258160553333
0,43842287724162;-0,840294194398776;-0,31889033784499
0,510853229577243;0,512294646070707;-0,690350036892728
-0,704326596820061;0,317989066501927;-0,634670779693775
-0,51297698594542;0,779184255314801;0,360175662920015
0,197487833030479;-0,97369154090557;-0,113680864589705
-0,122839689580836;-0,754975026478725;0,644145263164398
0,965432566294565;0,176511842082299;-0,19179032703086
-0,0855948068746808;0,98577938849884;-0,144611639389568
0,64925072823516;0,506736458174257;-0,567178678939119
0,373508807060483;-0,642174443268739;-0,669405075765593
0,731210078022548;-0,0927798978518473;0,675813370948563
-0,616860965078247;0,600159467308639;-0,509206405657415
0,597463583251802;0,660463572797421;-0,454780315862046
-0,778734088422333;0,411350310938631;0,473670920808666
0,811509298503198;-0,574938217212567;-0,104396862171632
0,201909178299733;-0,317046073287217;0,926668479625526
-0,0145664117711579;0,729417167392386;-0,683914041061727
-0,89603783207876;0,401307256274842;0,189917586191365
-0,139504195776217;0,908035806817724;0,394980446221982
0,877291855620858;0,458406324575192;0,142206334777237
0,827238910174668;-0,517605540408336;0,218541277637937
-0,231950217704309;0,540431902380122;-0,808784554375716
0,170290055285113;-0,734887783909256;0,656461150512302
-0,744320344229886;0,417631188947651;-0,52112514349595
-0,426304199637492;-0,115900659237968;0,897124164516619
0,0651094920255166;-0,552725760488474;0,830815856697871
0,762604658504878;-0,580792124861335;-0,284806324588681
0,691467160802757;0,405892594679594;0,597598834600304
-0,317894968436745;0,932723642445274;-0,170203983109158
-0,437938267245948;-0,0236073001988457;-0,898695036961337
0,192978168117311;0,790685983413952;-0,581012136071871
-0,699427106986667;0,700803665265032;-0,140270969068298
-0,0663186343395188;0,828852207624236;-0,555523047816895
0,545609670976387;-0,837616985031739;0,0266058888853379
-0,863492051936438;-0,234140613484343;0,446720997222847
-0,541875369868779;0,683333062365844;0,489312793014132
0,768724609431089;-0,610816071573144;-0,189647571993349
0,428869889032134;0,897461283007154;0,103120627348358
-0,167448197073416;0,574171369101281;-0,801428936463629
0,980713575262859;-0,192231914374274;-0,0353238501743868
-0,59806080079437;-0,797681719856091;-0,077634736816877
0,0925459913693045;-0,833450779532806;-0,544788984449604
0,374463488460873;0,400527890940871;0,836274180151564
-0,221046848990324;0,647208725796842;0,729560933578462
-0,108546330875652;-0,794258989364379;0,597804610108778
-0,909060823207653;0,0105347802874216;-0,416530236733565
-0,54038533126233;0,110205138049913;-0,834169360084571
0,927141061919239;-0,314639957468455;0,203497293513979
-0,142456479795277;-0,989598780102422;-0,0200101420318844
-0,776551717146009;0,449050278926828;0,441951668843237
0,0760752884102346;-0,970406134246728;-0,229182209409065
-0,886522556775102;0,42918035411637;0,172864050541122
-0,182591811341186;-0,155554611216009;0,970805332371316
0,816813292290657;-0,511221687011939;-0,267335804309793
-0,0200957325939034;0,875085195941223;-0,483551508503515
0,354765496104171;0,659008738253853;-0,663211071740382
-0,0911627245276902;-0,486475703930243;0,868925052661196
-0,685685872796562;-0,3199602850343;-0,653804481361199
0,333029576102914;-0,0626167810879144;0,940834969676883
0,139396541379083;0,223699814593199;-0,964638272723262
-0,554794058231986;-0,178289211407724;0,812660144246102
0,178022146519563;0,970518504841659;-0,162486759794381
0,109802681377576;0,817897349454548;0,564789604116011
0,860257534392438;-0,325105654228998;0,392763654262177
0,387559415575796;0,848495135002888;-0,360352196156731
0,419307693330518;-0,482505208202796;-0,769005710233037
0,437374247379735;0,687740951364144;0,579410175562833
-0,1755707618032;0,95714131010849;0,230337621945803
-0,858676625695608;0,20130607970877;0,471328245234985
0,331317498854693;-0,152157164812764;0,931169647351551
-0,250425492863596;0,213431619262926;-0,94431669286465
-0,124767143978453;-0,0645102458550295;0,99008665679484
-0,309917806073492;0,924963770823562;0,21998403610819
0,902489138464231;-0,087492949823342;-0,421732544019666
-0,822048773177344;0,233617162710981;0,51928685310192
-0,564146116464871;0,199736597049158;-0,801151952551341
0,959052196899634;-0,278719031906091;0,0503446608422056
0,812064756119622;0,341339637979591;-0,473326613885528
-0,357074246993566;0,308251905996063;-0,881747551504268
0,738217186001045;0,538003013658105;-0,40692523095465
-0,83415607949853;-0,0851087553780726;-0,544922136450372
0,955308899455411;0,277995712350933;-0,100515125905449
-0,420915846802191;-0,466299515187136;0,778071084186423
-0,239018085818836;-0,238742694579343;-0,941207883751775
-0,807980484032195;0,533462324558578;0,250170912976825
0,588963385003535;-0,0410956712079951;0,807114165984678
0,221063979397485;-0,442675523404731;0,869004659361097
0,916778552334739;0,364621091837826;0,162998605411248
0,455699505663116;0,864854140532047;0,210630662874537
0,921699235386085;0,360060543177872;-0,144315365554615
0,409372147680074;-0,894818931477366;0,178082914883795
0,30192120133409;0,705637855743251;-0,641029488188373
0,297179959880502;-0,523527586322085;0,798500430685666
0,755233585295548;0,648983021082782;-0,0918872678225721
-0,143084936781496;-0,641480440667408;-0,753677348145335
0,38228366185791;-0,783844394811315;-0,489333390031164
-0,669598623521064;-0,74237522096108;0,0227313589933087
-0,149394651147627;0,669910324891987;0,72725607237863
-0,667864591983229;0,624264322677135;-0,4052788450037
0,514442610316106;-0,857524692892809;-0,000449188429208634
0,851156674661553;-0,120785529585146;0,510825969408294
-0,126814199457543;0,304012686836485;0,944189835286529
-0,412259937157314;0,801440808068471;-0,433283250746672
0,405011313583902;-0,801101489156363;0,440683832175064
0,842517991381;-0,197094465811069;0,501315475270787
-0,677521205570538;-0,179826715380979;-0,713181161022593
0,641047608298112;0,715027361258213;0,278915464876702
-0,439614248373563;-0,296644861417189;0,847786021836715
-0,279564771880451;-0,857383321394865;-0,432131205211265
-0,96869218434075;-0,121254493584891;0,216639792703508
-0,522682313543193;-0,668601580418389;0,5289377333592
-0,427290533136781;0,895025867077692;-0,127872974288981
0,803061284214852;-0,443879335577294;-0,397572269207315
-0,649246801722704;-0,535610125689863;-0,540000355288151
0,221626192927602;-0,516927789462715;-0,826841877924436
0,0840092392927619;-0,724472514974253;-0,684165201366112
0,0632767655529785;0,628110250341691;0,775547267648369
-0,540816250577471;-0,752190570021767;0,376466637939745
0,387483206155794;0,620056051985971;0,682192976614974
-0,944484927577382;0,240925828522638;0,223389719391534
-0,773967795928411;-0,288095958816436;0,56389233846485
0,62539267331029;-0,332109586798063;0,706107092817109
-0,955934304792941;0,27238378092887;0,109529360478961
-0,235122952551909;-0,345298799639721;-0,908562565897716
0,190457912876533;0,954240238636411;-0,2305457663672
0,0656705673820693;0,830470981452805;-0,553177481053352
-0,397407132281829;-0,581959030357871;-0,709500710497502
0,198146887334597;0,0844884748736372;0,976524197679268
-0,554291592685311;0,649568567967585;-0,520405136203441
-0,297813873344546;-0,927613866769548;0,225475965504899
-0,809868747886267;0,103098550073003;0,57748012967545
0,353993307267627;-0,145509001311188;0,923859225719562
-0,382488636753288;-0,38259295450097;-0,841026202874102
0,113123817081372;-0,133329091042998;-0,984594513234046
0,230197359604547;-0,559463298283943;0,796247444896589
-0,465669235824161;-0,0453855213970863;0,883794273150973
-0,771502057158844;0,360110521839223;0,524504516529986
-0,148627857181101;-0,626026416136575;-0,765506816670466
0,0974125756096244;-0,845553642104442;0,524928403153242
-0,279631435422983;0,200183754552616;-0,939006243182919
0,360268771431026;0,811981322984669;0,459230599433057
-0,299454544783577;-0,8004556937689;0,519227944087575
0,730114643152149;-0,558486025901446;-0,393733370096592
0,341691280273146;-0,881039693332888;-0,327133195743245
0,425660880156693;0,123370954205729;-0,896433166924672
0,0245309747005429;0,410558722027328;-0,911504123439674
0,507525602066024;-0,605129057961651;0,613381273318614
-0,345790692216739;0,885241762488345;-0,311088121153471
-0,311897790572914;0,944553861063399;0,102653649647542
-0,278788080684676;0,645023896577189;0,711492360403494
-0,56651872640023;-0,528815844392099;-0,631989189272833
-0,472118967549028;0,880097469291798;-0,050320224826723
-0,64581351676925;0,601050077608279;-0,470811751940428
0,856967278253192;-0,195606806092307;-0,476807153274447
0,590021772222123;0,465731562580634;0,659521356682303
-0,656108030202137;0,437936175703867;0,614600812490631
-0,767822773068955;-0,20317689099844;-0,607591425318781
-0,17458726684416;-0,186300337408067;-0,966856489111764
0,103428476120338;-0,78081338560914;-0,616143657908621
0,426842671925605;-0,901773591082013;-0,067894947164435
-0,125598419804716;-0,889746574503106;-0,438834900734372
-0,857659539538884;0,455100216410614;-0,239382345341008
-0,607210807453313;0,149602487895912;0,780329501510259
0,0846685798092674;0,566317161969264;0,819826874194887
-0,522750317225215;0,405028360671548;0,750122745217511
0,831919533167644;0,548318774399791;-0,085184575920999
-0,332530469311672;-0,237884028218409;0,912597762487911
-0,448811872144173;-0,782146376913454;0,4322209487098
0,415844611875366;-0,890626101383123;0,184006538767853
0,710325660259785;-0,686667465459849;0,15467788547639
0,455139487538602;0,200299775121131;-0,867599012775789
-0,468299163935119;0,354463788209929;-0,809352405263329
0,366975004509902;0,123799036854494;0,921956151093346
-0,283991726305206;-0,81079709709346;-0,511817122354271
0,235811449101963;-0,882239177678283;0,407488642592624
0,212200697410984;-0,653197694996945;-0,726844987097641
-0,453008205246008;-0,126763052291245;-0,882448125701221
-0,451662840145702;0,244543988277518;0,858020347444536
-0,386875802742875;0,916989265551757;0,0972512216627928
0,214610905935386;0,5938823274068;0,775400503125626
0,186888251740469;0,170198051684623;-0,967525402542047
-0,719149700589744;0,693808001148535;-0,0381335244103508
0,111176493613597;-0,987067814185594;0,115485572547654
-0,752766006079417;0,447459000132779;-0,482828937918406
0,617031793558215;0,335983204690852;0,711608777281448
-0,0911763418267609;-0,718892105655332;0,689116111491767
0,183467910391658;0,981515092067461;0,0544761406518666
0,627818940918372;-0,0813937226487414;0,774092009607071
-0,420122150487126;0,383264262525432;0,822560565393765
0,58511654443254;0,758339202265596;0,287333053682485
0,641341913515116;0,119054742780344;-0,757962082290582
0,6415673748708;-0,710636390761392;0,2887684602359
0,0317516264636981;0,523495761395041;0,851436446259106
-0,0449211925621361;0,985260587252651;0,165056540813616
-0,899530879082722;-0,0978738776650359;0,425752159885861
0,578233431453883;0,613466265685813;-0,537871025074387
0,740009578237536;0,260430620684991;0,620130402356097
0,0871079551238186;-0,727729866529634;0,68030981583019
0,920560477589396;-0,0602108658418362;0,385931417139055
-0,279293993468962;0,765919890667605;0,579104123877462
0,0372178399903693;0,979726039331548;-0,196854566221284
0,946460368819001;0,320826685405149;-0,0358191036591645
-0,0711606246715253;0,989428096263233;0,126365374297203
0,0637547884880615;0,264920858063924;-0,962160208025419
0,385365263966275;0,908806293243112;-0,159889757926886
0,257910288096713;0,285876154362185;0,922906879192564
-0,829787678554433;0,428073013668211;-0,358058519642056
-0,979101768951602;0,00227411633946694;0,203358192435709
0,0983270353979323;0,0871420676174305;0,991331455246535
0,334316886556065;0,936449471816733;0,106276084316375
-0,914776116978054;0,0863965699983933;0,394614100735221
0,246395116252592;-0,79484915117507;0,5545306786492
0,581093065809532;0,487309112386093;0,651813376553103
0,0836146603330799;-0,298549039401521;0,950724491979571
0,738145234079965;0,0988372063335767;0,667362585143344
-0,769037662480568;0,132660569243173;-0,62528573232923
0,710464023274984;-0,62250901948374;-0,328212419468422
0,465433162112394;-0,181004766970424;0,86637708068718
-0,716059855028254;-0,273555950620278;0,642203570448773
0,755647759720082;-0,498092503899595;-0,425323783474487
-0,733700334149482;-0,147247689451414;0,66332641860562
0,77000997338005;-0,606672895730347;-0,197566794986938
-0,889108622176613;0,255976815629209;-0,379422887859359
0,850665110888788;-0,492139680951961;-0,184844268369532
-0,261639073242453;-0,654301984335891;0,709530766525981
-0,192748047559905;-0,509555273572092;-0,838571173685761
-0,538411925312143;0,628980412937285;0,560799642317035
-0,560113925737957;0,665564947062261;0,493250130700869
-0,273133076876421;-0,869904557624786;0,41068769514029
0,824542285795992;-0,365454311874825;-0,431941159032591
0,0753597210565653;-0,450975971090439;-0,889348967470763
0,573726393173785;-0,629117275270761;-0,524451599036263
-0,675640943965747;-0,736670676307493;-0,0287337694313747
-0,682461020827779;0,316823699954503;-0,658687860976536
0,605317959073577;-0,620754462085082;0,498251007248816
-0,246265858773879;0,921928716042776;-0,298999279828701
-0,0610693914177584;-0,989367209413604;-0,131996418015805
-0,518907993782765;0,818554949493418;0,24637834451951
0,918695572386649;0,0724608146433691;0,388262637422644
-0,791861009550389;0,0586942342315061;-0,607874270241648
-0,839216780934949;0,466561908327806;0,279347776605968
-0,520199533515198;-0,705282158218689;-0,481632144513797
-0,194159860682644;0,127681834856553;0,972624952151321
-0,696782008628288;-0,273255435315298;0,663194013485176
0,592898144740597;-0,6849062431479;0,423527127891694
0,493774922499133;-0,757750471745991;-0,426615222981673
-0,122701462954077;-0,586900047971926;-0,800307868685221
0,649809086531586;-0,139621399548529;0,747163981900289
0,826199579895887;0,123435148543295;0,549689019613776
0,958110910249672;0,137392640071487;0,251290163187363
-0,210096364537196;0,221824654961035;0,952183459244946
0,74493305982274;-0,6171464599709;0,253387022810001
-0,556266603273613;-0,609186147043339;-0,565207664786075
0,117299810791371;-0,990400847808075;0,0731226028622779
-0,985943469506539;0,16680857314001;-0,0095065695391307
0,229246744320153;-0,932471845445045;-0,279181281018127
-0,387825916826869;0,521963267287433;-0,759700866025587
0,241226941692163;0,921273417378627;-0,305065325845716
0,27406341436841;0,8308412995945;-0,484346962200499
0,908736797143886;-0,17526783495652;0,378785717188921
-0,558752134679732;0,759906080341687;-0,332172848153752
-0,813945226998213;-0,0412130683995564;0,579477911951716
-0,593938873325498;-0,685917800273918;-0,420420487155691
-0,881219886214664;0,102867774844486;-0,461378080361821
0,522236135047109;-0,130783393946592;-0,842712954165811
-0,0998810804517533;-0,993526700955211;-0,0541152867205225
-0,690925638481263;-0,491163584737935;-0,530452726561605
-0,991839303505557;-0,11148518061626;0,061853460085677
0,209489137895525;0,536579964766924;0,817432714365235
0,922881420845736;-0,366168808059117;0,119206908618259
-0,117301253730128;-0,782236914156844;-0,611838071718096
0,282486763077205;0,850351513505902;-0,443963435616475
0,471746190637387;0,0564126262802332;0,879927921602264
-0,684164702508656;0,534453450108413;-0,496264213406989
0,0941383350687922;-0,316822109248554;0,943801740283293
-0,754904856646882;-0,062836774966495;-0,652817123797132
0,650381119442048;0,675573165696509;0,347282733898629
0,122526511613645;-0,247908878631582;0,96100387192114
0,0382470651996829;-0,810858794292858;0,583990734277131
-0,519281012568153;-0,242906918800895;-0,819355514282323
-0,63996372920689;-0,533720278452252;-0,552801130306786
0,53838349943124;-0,295672932893478;-0,78912655784376
0,481485336233886;0,788094858199134;0,383507973152877
0,753859929722606;-0,397676913754779;0,523018430483191
0,390922263917505;0,918791395649424;-0,0547919232569552
-0,573964841252896;0,801801469308481;0,166369362625151
-0,321363773534282;0,0267633792058761;-0,946577543888132
0,161556657622728;-0,392706452821289;0,90536240715544
0,342922254474405;-0,801731150283399;-0,489521695179539
0,0808494612965343;-0,872712456910382;-0,48149385474947
-0,159039613914484;-0,429318562672889;-0,889039916398817
-0,233178384778081;0,769007653545804;-0,595193304448447
0,991864685821189;0,0745352235383446;-0,103193727875889
0,70774901682434;-0,547553813850811;-0,446403573150588
-0,207199659656865;-0,0906759127707434;0,974087357417841
-0,43743123824153;-0,555606707566057;0,707075030189928
0,67755646941268;0,711691043689729;0,185507652372751
0,987334520256703;-0,0621296844081392;-0,145980983093042
-0,851705434459014;-0,486774591943878;0,19403182612874
0,655652063172813;-0,538064713034439;-0,529723264209153
0,16836672290812;-0,561357658987496;0,810265527659457
-0,715425902235331;0,490082997782279;0,497980354728473
0,835433946244548;-0,155529892025696;-0,527124818376765
-0,705955196351031;0,243482488656581;-0,665089120691787
-0,35406416193032;0,780978228333049;0,514501288731479
-0,427345403606937;-0,314329945991677;-0,847686611354039
0,401937110556245;-0,801433379074674;-0,442889487414916
0,112325491893295;-0,985710197219091;0,12553242995031
-0,109357948197985;0,967060258483819;0,229859295281125
-0,68272208682616;0,00653454774529889;0,730648925165498
0,783489986974799;-0,328111373107379;-0,527718075441631
-0,666325630019061;-0,215781794772191;-0,713756521388487
0,176708325759762;-0,863020340131162;-0,473254751827254
0,956354318648347;0,00815992333990271;-0,292095588555773
-0,148090612188571;-0,510799780647298;0,846848720062967
-0,907137432911894;-0,365647854046524;0,208334645801392
-0,504867383211173;-0,52663876607389;0,683930212403044
-0,149281016811457;0,0666985982685671;0,98654268787962
0,963873980503806;0,239906750630636;-0,115722516000988
0,166003252415499;-0,523307358197219;0,835818358881955
-0,711767365603124;0,633560095247637;0,30329659241771
-0,808742384594975;0,485981070607293;-0,331297682411186
-0,920377623043369;-0,383705209762698;0,0753348724164483
0,294858043598376;-0,846946392245708;-0,442425748332212
-0,416793322170292;0,265239215567406;0,869443204079161
-0,402914146764604;-0,382348147682693;-0,831546802230977
-0,386677221317187;0,0233225919284272;-0,921920160979333
0,0160016347966057;-0,997602604758727;-0,0673274881637515
-0,2195807763392;-0,190843300612013;0,956746109097804
-0,241857551072241;0,549096485075873;-0,799998734415661
-0,518773845167537;-0,639053464749437;-0,5678770701145
-0,197853290313462;-0,379590717816806;-0,903750497902745
-0,102744845983736;-0,887669474733733;0,448872365210555
-0,746717038131577;0,617127999369863;0,248126373764974
-0,33271022251626;0,676695145560918;-0,656801026040207
0,34265454240488;0,738617799629848;0,580544236591204
-0,235769563163675;-0,273000770130668;-0,932675341474016
0,63004059309845;-0,703879408722278;-0,328028396674631
0,142939496744243;0,978692250778441;-0,147410238914166
0,681831993912851;0,546514266746293;0,486237892722881
-0,967448818829301;-0,0431438272325172;0,249361972075779
-0,269686172129016;-0,154930395371607;0,950403041426318
-0,686778295223873;0,321089637059424;-0,652101999830117
0,111167186361113;-0,436913676773964;0,892607582157137
-0,340870070103774;0,939448890529653;-0,0352615568296667
-0,0602749379548453;-0,910817215658541;-0,408385763114438
-0,689922096202205;0,610652527352524;0,388729973130359
0,0580617152318673;-0,952687069578833;0,29835580215848
0,939697073617013;-0,0985627829609704;-0,327497767397904
0,231494050828387;0,774416233550326;-0,588803873666598
0,231049188305413;-0,264854347140377;0,936198935795301
-0,366281446145845;-0,56850794142013;-0,736638732861335
0,706089324142304;-0,704896065169054;0,0675233562661786
-0,617197272862226;-0,232141988072335;-0,751782963191675
0,950320104445747;-0,0801726206207359;-0,300772422254814
-0,452123123363432;0,162818855581804;0,876969042547755
0,994930754932902;0,0501218076840425;-0,0871814044571976
0,684472529825048;-0,123578114332323;0,718488556327076
-0,961825584904539;-0,222804253089567;-0,158901884910917
-0,932288688317985;0,237682116752867;-0,272662819266229
-0,0221704657510953;0,654560787912141;0,75568422332097
-0,226738383737401;-0,469867933184509;0,85312005644286
0,146081772867014;0,715682491444532;-0,68297780862615
0,266387219908563;-0,724703954107242;-0,635485663072516
0,448417763310193;0,188723217413408;0,873673312375407
0,971674510826824;-0,221805651941526;0,081553036585074
0,18471795491372;-0,11642613788286;0,975871011737809
-0,173355383328721;0,96712666453941;0,186048181414999
-0,840364242458593;0,437169101125795;0,320423340313809
0,752356853684514;-0,140442127500928;0,64361104211857
0,0668885451945419;0,940229375550204;0,333908136879339
0,771078914444445;-0,185763506579113;0,609039594215851
-0,596722939071101;-0,749074633202291;0,287765404243111
0,149581962828289;-0,876083938195811;-0,458369032147412
0,882883648355827;-0,432971694105827;0,181802023005892
0,425198390893729;-0,397927376856789;-0,812933042217659
0,0231858663423316;-0,866464493457206;0,49870000719862
0,129550199341394;-0,914333980534412;-0,383679707426262
-0,771314445206227;-0,55107593607003;0,318416926843957
0,771793945754904;0,635590777443231;0,0189332756063076
-0,28867546158962;-0,4627135739928;-0,838190089609051
0,403813223572976;-0,81106960797514;0,42320322716947
0,739940765010495;-0,206772203831389;-0,640103835325484
-0,113271699431827;-0,6848223498389;0,719852673308194
0,312621010336218;0,886159367245565;-0,342037541418048
0,969498887824352;0,242599404784147;-0,0348917655861966
0,240026162868979;0,828076719991624;-0,506632398239895
0,141993346299385;-0,989844585557058;0,00675174422494101
-0,494982706140988;-0,868858021023186;0,00882382711849911
-0,951815499744641;0,0119318594516634;0,306439039901716
-0,374531512015266;0,296447196020972;0,878547213574127
0,392124238453586;0,919731262088965;-0,0182479355938029
0,186209749382304;0,931557046312183;-0,312293769872375
0,80199008825584;0,171178670124893;-0,572284685478883
-0,233181844617846;0,18513363710333;0,954647455217637
-0,990781864928727;-0,0301049888416644;-0,132079467651857
0,999760153203745;-0,0148372217715502;0,0161087838189744
0,827959523876806;0,40347165858158;-0,389478686892007
-0,208902863363439;0,818625237171906;-0,534988144489013
-0,767769840914196;-0,298587465454113;0,566899459213253
-0,436659577878672;-0,711395856434014;-0,550676264692183
-0,189803356729678;-0,346883175338805;-0,918502448794239
0,263008169826447;0,341356981878741;0,902386897914182
-0,533276968972357;0,845912149123056;-0,00695056326261574
0,443874728174458;-0,789143445844392;-0,424532504725952
-0,573814515209099;0,305781878266533;0,759759399454287
-0,643759463462717;0,763022051138795;0,058061197698133
-0,924726533960718;-0,374616304901527;0,0674052037377134
-0,429172405892493;0,899451428120643;-0,0824510428811291
-0,00885917185820987;0,0682953133298934;0,997625814246583
0,335035727671051;-0,934178618797264;-0,122724770792065
0,87808873078556;0,120854966875637;-0,462984079476705
0,0674244829099837;0,191253865279013;0,979222088251771
0,102905741401872;-0,341637129787338;0,934181181536644
-0,735259022184485;-0,643077819945286;-0,214114660382549
0,262538252293477;0,0968300679838276;0,960050834079599
-0,0991749913012562;0,835707968411307;-0,54014489966512
-0,598894671441363;-0,5575485545417;-0,574860662985043
0,257429639991961;0,288202120695393;-0,922317471416587
0,154007654166006;0,489999988029326;0,858010287927566
0,533937036220462;-0,496044816369714;-0,684726793330629
-0,177593897994874;0,800562609550722;0,572328503208013
-0,618338694237877;0,773183607515533;-0,140870040382844
0,292288455795918;-0,169372726776491;-0,941212164197177
0,779329284882526;-0,273447369799924;-0,563801739686917
-0,262548976341274;-0,918852983680898;0,294579750496975
-0,810713878800152;0,505659062579372;-0,295045622153869
-0,559471550729086;-0,800112978903936;0,216358047953529
-0,186458353438068;-0,977893779485082;0,0946416318410978
0,379640680243191;-0,0822259782635524;-0,921472648754747
-0,667307096982732;0,70039491010183;-0,253274965639971
-0,696408642256073;-0,696805659558107;0,171688310023845
0,634714701671652;0,66624300847249;0,391481163203789
0,823199692464728;-0,232383778521736;0,518015487998127
-0,252846337813527;-0,222839378434913;-0,941494206499981
-0,333617162772644;0,939089580742202;0,0825248328987548
-0,475692697361936;0,568789471517649;-0,670965718026785
0,851556065569038;0,464742831777369;0,242623921953571
-0,654344014792396;0,705495476269998;0,27223159858462
-0,161474379264819;0,91106268786814;0,379329413064057
0,104669852290499;0,325995472371322;0,939559031681822
0,256283970561244;-0,264598560640954;0,92968065922665
-0,755124476842435;0,190521189768419;-0,627286777098534
0,839219432096731;0,325866330657005;-0,435341106875264
0,632738857418081;-0,774038587636589;-0,0224900680927242
-0,22640430464066;0,214077370266204;-0,950216801777408
0,267721988147207;-0,768144208618457;-0,58161792598615
0,0568036319782791;-0,627663399750935;-0,776409688249171
-0,19691590013245;-0,932986764703502;-0,301263713651546
-0,594423314705165;-0,728476617828532;0,340562388134725
-0,838653148798004;-0,194033258901809;0,508932206144529
-0,673884255444184;0,677812001374103;-0,294025340842708
0,411418100036366;0,806761179851823;-0,424112656786568
0,351224625854474;-0,362144194903497;-0,86341927491288
0,616944064865895;-0,108468208725899;-0,779496419826634
0,243407563734047;0,867169366885355;-0,434476750877085
-0,648392920014401;-0,118191841189318;-0,752075335289942
0,839595692572138;-0,301361460798984;0,451951704233333
-0,929401907923456;0,336696284376131;0,151154575304708
0,247650567717495;-0,749954265090515;0,613382259754673
-0,300807392415081;0,344343893379438;0,889349310316666
-0,0723877084628159;-0,993839842202569;-0,0839189353738208
0,230245108149833;-0,854877965737497;0,464941774709039
0,262327415908253;0,322550865574213;-0,909475269581435
-0,608847572061026;0,693339817593978;-0,385466641013387
0,956447252780824;-0,291899990691846;-0,00174587574455433
-0,422087180766846;-0,742824760383165;-0,519666996444829
0,00129572227114591;0,763445339577946;0,645871143944759
0,486711474867073;0,61964688620802;-0,615751310713524
-0,527213240006002;0,1124195231261;-0,842263646599136
0,00357099812609847;0,957466868094583;0,288521133495509
-0,94830724622277;0,116286575866495;-0,295280881593496
0,743689533939962;0,648189699705108;-0,163633707726629
0,300712157483948;0,925245073635868;0,231287163616803
0,61883302574013;0,77496231771659;-0,128370917160574
-0,452523573651468;-0,0691398208258446;-0,889068107889308
0,619646258649812;0,783937447311857;-0,0384784724678715
0,0778485222987189;0,198103174773179;-0,97708481705566
-0,213863968424244;-0,467296660558118;-0,85784382846825
0,178648188380939;0,525518311865179;-0,831814479726448
0,351278425334224;-0,609234227651944;-0,710941012849904
-0,232219542824718;-0,417785806951612;0,87836729415437
-0,798129599808649;0,347666758953044;-0,49205382493013
0,560564543481563;0,770501941566563;0,303470180797823
-0,739489475353066;0,0645825723489082;0,670062987480166
0,852785811971764;-0,521776532709622;0,0224857468895948
-0,58553897243134;-0,405570493960036;-0,701895067793657
0,663218562789322;-0,626885783947931;0,408846367056935
-0,753361928949424;0,450584182642518;-0,478977763953586
0,503816614085987;0,823950098596405;-0,259374351842866
0,104312986083787;-0,685935266221411;-0,720146937428776
0,183567726239465;-0,751797790380414;0,633326907893862
-0,558347878741231;-0,210736207156298;-0,802395100495103
0,00669938456291429;-0,389878636163657;-0,920841879645819
0,952920995768672;-0,291282535967075;0,0842381152675677
0,263196289642362;-0,674596408784061;0,689671949824076
-0,0628395839698792;0,00652631834870245;-0,99800230152806
0,286217731038982;0,813288835125535;0,506597158597487
0,0893563205764416;0,275672124589203;-0,957089508717714
-0,550824759210962;0,765853918347308;0,331752709698445
0,737309071143235;-0,308222689518461;-0,601143998785571
0,745112531211169;-0,0498641732188587;-0,665072086364541
0,899390596457293;-0,152693036514647;-0,409611268892996
0,825731689665428;0,550763957673977;0,121763046978853
0,803652186504187;-0,00582359608747681;0,595070793146202
-0,211088887406884;-0,87697910768276;-0,431681741913269
0,568313328355791;-0,493537844626437;-0,658361873694592
-0,177035042749622;0,85840242938609;-0,481460136317325
0,00266862110116083;0,528142368120306;-0,849151645736904
-0,949881531783414;-0,0941323415747615;-0,298100952441364
-0,0523829671756526;0,719008848334233;-0,693024026110895
0,219474510241498;-0,437236414206866;0,872155523657207
-0,12292567263719;0,164738755684379;-0,978647240522476
0,315317452830506;0,514895653059134;0,797155800581849
-0,922202560090305;0,357119007225705;0,14835246152664
-0,542137858630482;0,790655232632001;0,284518620394503
0,168877018173611;-0,535277274057159;-0,827622373193673
-0,544891477607792;-0,566388385223206;-0,618302090174896
0,340588858506072;0,404169615998581;0,848908800145864
-0,084106883053471;-0,137104722506182;0,98697939557497
-0,811204439916886;0,318734377953584;0,490260902958488
-0,610220892393505;-0,376651723109622;0,696967676413352
-0,851767626484204;-0,517976926410308;-0,0786880815625562
0,210597032034796;-0,832912170074607;0,511767727626259
-0,655807821179935;-0,310004000027639;0,688341210190187
-0,205623211185179;0,849473454301263;0,485915574415326
0,0694650273115302;-0,992184624530593;0,103654622789792
0,633323730145189;-0,235049198422554;0,737328235696897
-0,490723845012066;-0,216915576116918;0,843882539678621
-0,687409234172599;0,31090447213803;-0,65635886066908
-0,852802477935364;-0,0455086250587335;-0,520246959311216
-0,890291382264686;0,201588111042048;-0,408342366344387
-0,690022795929015;-0,722611576723326;0,04124379085067
0,63962635624411;0,0475360201630759;-0,767214736032187
0,71407709846003;-0,197435496263261;0,671649553167561
0,909502264901313;0,32595023688593;0,257996265890395
0,193372682651652;0,84567932120263;0,497426870297898
0,363539263754054;-0,701598568372991;0,612861038544734
-0,607100011996026;0,48066513361706;0,632764256859787
-0,47570001127779;0,673608132117741;0,565651468322287
-0,535222829138926;-0,648540216246971;0,541232030721442
0,370025879296443;-0,0375839213007044;0,928260899483845
-0,487196248782778;0,452869013264332;-0,746692354318014
-0,181674652186805;0,946364564906571;-0,26718613557219
-0,31442133565332;-0,684374725013721;-0,657852916272609
0,696641982536224;-0,708570664320149;0,112327920985395
-0,910841722466183;-0,0214915788658078;0,412195910523978
-0,389842278481842;-0,432150589310732;-0,813184398563126
0,653962322594891;-0,0647883098970764;-0,753747806316526
0,522956201605476;-0,139884896813627;0,840802608729191
-0,888224590140244;-0,198783510565002;-0,414176524440544
-0,243836117540238;-0,925760556995527;-0,288983284800756
-0,99417578338897;-0,0815519427958155;0,0704541861719787
-0,679609522327247;-0,0461682738330846;-0,73211979050795
-0,490874043074361;-0,492810833727222;0,718456787842464
-0,173938806361803;-0,810569324332112;-0,559216113942735
-0,81366838552879;0,215064798313422;-0,54008415169988
-0,980779155647172;0,108033146164777;-0,162484113616563
-0,0402522223598952;-0,191926040864403;-0,980583577994862
-0,651137185177062;-0,504658871463955;-0,566868405833682
-0,326121481705043;0,855833336155682;0,401489825394298
0,905158357005918;0,0744374733329137;0,418506166389648
0,783343319772887;-0,310208487055792;0,538650107143542
0,0324098752559032;0,748201568699226;-0,662679419162775
-0,822512267826382;0,316647171338469;-0,472449085255172
-0,134741552732933;-0,945464341735291;0,296549983095886
0,633447697582349;0,0409056828093121;0,772703526290339
-0,861363066872973;0,335437023545014;-0,381491376393292
0,404726064948509;-0,0021831091187272;0,914435370261819
0,549165916244506;0,814715802091804;-0,186158422471936
0,660590544448719;-0,749744531503156;0,0387720268500002
-0,475780839745645;-0,305376321137994;-0,82485022581021
0,704630432428595;-0,534410836006546;0,466798684717809
-0,069458654253347;0,0284668910654555;0,997178585541417
-0,877003237254282;0,239827883260293;-0,416350703441699
-0,0812613850085308;0,152122306495565;-0,985015426870546
0,497149045406721;0,763924558381179;0,411414749071186
0,917238808846208;-0,374484777323282;-0,135772306084563
-0,0555476728966659;0,441791636301989;0,895396340247924
-0,447901787398811;-0,0502940149000627;-0,89266707170713
0,520117982583292;-0,836988604038991;0,170080454204318
0,41499305608067;-0,744936195867421;0,522351249152715
0,672425942860518;-0,73852605147891;0,0492201448099609
0,436921902025289;-0,701343861075524;0,563219353415949
0,0518483981428938;0,710639777051771;0,701642965390394
0,663195940849655;-0,389085431404155;-0,639361924976444
-0,310853220894801;0,522433529526172;0,793998414536298
-0,0322708668774394;-0,566358119543428;-0,823527213623333
0,414573092201309;0,909956311610969;0,0104241154063857
-0,542428533377183;0,132663975413161;0,829561062132171
0,0546842167135122;0,970996235147441;0,232757272221354
-0,717271563680367;-0,595021734200887;-0,362588802590607
-0,920208301854063;0,206339264484569;0,332627102219331
-0,353018074355889;-0,925019310780371;0,140419065163769
-0,197880467689684;-0,979970578197875;-0,0223827248885159
-0,527255847631276;0,732317502752746;0,430943553496983
0,630148228897004;0,673745939249991;-0,385978780455761
0,135129607384176;-0,017577937355197;-0,990671996841808
0,671982294666881;-0,500880040646184;0,545489670421458
0,151025549987869;-0,506873781541597;0,848687370494332
-0,855053658823601;0,368040326998434;0,365280109279521
-0,206868263070425;0,837953520333317;0,505014276526146
0,618882564634203;-0,64190307523935;0,45270830916834
0,378136832750446;-0,869907409277685;0,316660125373005
-0,497843829765054;0,559624585968502;-0,662549503014263
0,816745719885994;0,576789652558344;0,0154959914020993
-0,0851693710092691;-0,468830322483076;-0,87917251262895
-0,106589935010244;0,588595433130607;0,801370077961678
-0,266040795541862;-0,0262056832498506;0,963605498776788
0,698020578425644;-0,349367557208273;0,625067661989206
0,968277257519906;0,249655232793513;-0,0105554397609391
0,584735714528565;-0,790061825325044;-0,184082743131528
0,648081181206484;-0,255488673960856;0,717437328303826
0,737592307244068;0,665813732583226;-0,112470715290541
0,361860007432003;0,462206320666484;-0,809581776077786
0,359260687393888;0,29792117120562;-0,884406430460986
-0,997143038420138;0,0704386790441789;0,0272791756614004
0,37637984882573;-0,880724989828866;-0,287509481041693
0,663069339984765;0,214153762038624;0,717270671766853
0,447009707491562;-0,892801045549909;0,0555753045272574
0,24776673687086;-0,703202843312044;-0,666421342138908
-0,105875416459152;0,137438556860602;-0,984835539203209
0,727510064744569;-0,387579362299847;-0,566137212709601
0,499002045168804;0,0272776564865621;0,866171396649619
0,150296750780688;-0,302122267410947;0,941346388020497
-0,808618395221394;-0,588311550151577;-0,00508043972763908
-0,368396072965731;-0,776866117492866;-0,510649947532543
0,32432657122271;0,20768083610752;-0,922865616172042
-0,687457933273255;0,706738007667083;-0,167101701063831
0,464571379683289;0,744758671668854;-0,479069884414799
-0,144577456889468;0,555909027035188;-0,818573461956937
0,984136996906331;0,0986028161639201;-0,147485104213046
-0,162818566523978;0,205101391196058;0,965102861732633
-0,522616690844169;-0,851631340538219;0,0399481446899078
0,666502799153455;-0,719845618933734;-0,193897662756722
0,539980412722791;-0,55972717781067;0,628590996034645
-0,329580937931949;0,873682212098373;0,357848847440913
-0,112271332810584;-0,0995189274917454;0,988681511357337
0,172730364464757;0,92241083146847;0,345430860204352
0,534115929208863;0,771550713588445;-0,345585981380198
0,906592371970233;-0,0427281894501593;-0,419838746320178
-0,584516098500893;0,797217909728424;0,15094547029155
0,663134314077472;0,741827356233529;0,099724896773941
-0,70540129144032;0,396172833241461;0,587755139693191
0,123743606333037;-0,929854455290133;0,346494172921831
0,529397949531531;0,251984831933771;0,810087313508316
-0,202887291500061;0,25898418831502;0,94433253526
0,476495774984036;-0,866761589648;-0,147228132954386
-0,592244833966773;-0,602989854184679;0,534461684679088
0,826402961673887;0,201380879089539;-0,525836368534692
0,368307104565393;0,929615420409432;0,0128470566143196
-0,6683334248696;-0,627236465978736;0,399881043497409
-0,882321819574046;-0,13338920923698;0,451348563266438
0,456383037615863;-0,762027532815845;0,459378452049194
-0,103959089861675;-0,168637890906242;0,980180477966087
-0,681831800773779;-0,307325622817437;0,663819521416371
-0,924826939768379;-0,0244057292640535;0,379604388617603
-0,420818194458401;-0,386905446464196;0,820497545827599
-0,481532497047848;-0,250457602635777;-0,839879422041523
-0,87052737411683;0,273286034138702;-0,409263771250275
-0,543577982775128;-0,623589196431877;0,561835821869315
0,131564338827169;0,589154748013603;0,797237422379305
0,223679809621767;0,64835749670511;-0,727736146713803
0,119288626080486;0,989432170629128;0,0824269580414267
-0,576459606821283;0,0411297151483141;-0,816089865293811
-0,486947916749434;-0,171561582023124;0,856415991179
-0,69450332577418;0,716311005510294;0,0675549692726879
-0,481381293283027;0,119036922633062;-0,868390615752618
-0,236348398804158;-0,709830234276068;0,663536338786575
0,00917821336230856;0,994636937256549;0,103020014775709
0,123076320861224;-0,799628961434891;0,587746325618308
-0,331880244070762;-0,421251576610973;0,844039461635711
0,775069361905572;-0,255693744691372;-0,577830592095117
0,931715371105003;0,363033967919187;-0,0106209878785663
-0,495496216512677;0,0982765751025587;-0,86303256845135
0,137711848815503;0,971519889426848;0,192832961767074
-0,0504202169341163;0,490855496490291;-0,869780824857381
0,249264997367325;0,770475956870446;0,586714377676257
0,143317308374526;-0,0173781980040858;-0,989524202510687
-0,544732343289327;-0,558202883694637;-0,62584040682071
0,275707425600429;0,55561003661141;0,784399708493987
-0,868173802827141;-0,433656980219134;-0,241279654326432
-0,641779831242472;0,76513443084757;0,0518454524712535
-0,76398206720316;0,333976965487086;0,552078606283584
0,835184474656519;-0,418809775176967;-0,356462151579846
0,423261110057305;-0,887745326063495;0,180992454995996
0,691926034950273;0,0177862191331155;-0,721749272647325
-0,706213482954562;-0,372101032483494;-0,602331584858294
0,0693705361181096;0,823884265065416;0,562496619097666
-0,36111159899653;-0,313196340740734;-0,87835440752397
0,751166360803297;0,440285510155839;0,491831035971037
-0,201049587213705;-0,380927347911149;0,902481810949438
-0,667958673005589;0,0303424272670111;-0,743579550730222
-0,781809963491426;-0,431188680102211;0,450388169401959
0,399303383043254;-0,666444060558461;0,6296102940999
-0,612842888113665;-0,736188052440145;-0,287142379200439
0,453413761746826;-0,600860511386244;-0,658318013208855
-0,433208966021826;-0,337452624444943;0,835736631968183
-0,290499907615211;0,559506331636119;0,776248973290559
0,812770100898663;-0,0533806259153176;-0,580133839611229
0,404144731559644;0,235449245747057;0,883872552254976
0,699684760700337;0,562979812291464;-0,439880627666165
-0,677300623013332;-0,307716296547759;0,668262333896415
0,753147871634051;0,123599298894236;-0,646135819132443
-0,361859279429826;0,50466919585113;-0,783815580764698
0,918317310410848;-0,099756420317049;0,383069150422369
0,574429702165379;0,790862455342434;-0,211109199230945
-0,832845852000133;0,19849069297481;0,516690653688019
0,0453448254236081;-0,951919610384001;-0,302973434765615
0,702610389711083;-0,0853667570462277;0,706435529302887
-0,950449648036284;-0,223364796969404;0,216225886568934
-0,66472881310014;0,539063454546383;-0,517248680043747
0,427758598741964;0,856031534524459;-0,290228518760669
-0,187557141966477;0,937014377625118;-0,294663154502187
-0,251436711392524;0,444055609185124;0,859996625641834
-0,763696732992277;0,487163794462906;-0,423602097942664
-0,324446432377311;0,567921198210913;0,756439042580641
-0,814834318410001;0,520396087763304;0,255407410585433
-0,643939585491849;-0,707837935199948;0,290357138242647
0,347449216267862;-0,605806507979501;-0,71573564743174
-0,159930606692772;-0,619031761874898;-0,768909538783947
0,734120229346065;-0,10244502349208;-0,671246978411514
-0,254231011174463;0,502747316897096;0,826203200375054
0,454223183937632;0,869636551209913;-0,193425872037037
-0,893375887165647;-0,406322654904531;0,191784838666476
0,613570225710454;-0,00439056277791625;-0,789627951050439
0,352371732686652;0,163280225660801;-0,921506228905462
0,516642361772384;-0,855663497311764;-0,0303422047724473
-0,592815046925785;-0,777279392381481;0,210729842019242
-0,479232597094735;0,822449534241316;-0,306452086806533
-0,030623132623369;0,043249972204232;-0,998594844595477
-0,0236407231581932;0,197369498417786;0,980044079265249
0,681108829300567;0,629916129482269;-0,373224372820007
0,755096344905285;-0,61831800239222;0,217973296135958
-0,936021137013968;-0,334851477722063;-0,108346291724397
-0,482700812420576;-0,874530831466357;0,0468588359146725
-0,286732975251544;-0,400601471635215;-0,870231384073855
-0,979163379057157;0,197081094461424;0,0489705964764263
0,538816669868122;-0,683418773379967;0,492560023209403
-0,761824336238282;0,409337716191141;-0,502062062715878
-0,185328872817456;-0,937560910864695;-0,294334414091818
0,344464504101987;0,136501258539155;-0,92882270204329
0,703276840973932;0,709082138039142;-0,0510314262348745
0,726674448897271;0,448347082852179;-0,520508538467708
0,665834783935218;0,557473927797919;0,49586980179025
-0,291163356623504;0,944638557422038;-0,151267629026652
-0,616204197929067;0,631126721807857;0,471138458921221
0,0566576316410649;-0,97406011873956;-0,219081715024098
-0,558573553796407;-0,226465570040995;-0,797940430474142
-0,518731384563414;0,703116958539335;-0,486358194423943
0,887116140990859;-0,164235299405083;-0,431337128963887
-0,955403495053101;0,280794301620905;0,0914260456191099
-0,30885556462539;0,471738260927675;-0,825876052066449
0,244457685841534;-0,917686254040833;0,313197029004914
-0,383803848907418;-0,811727890683777;0,440218624151589
0,236827560736381;0,494777191856143;-0,83612692630641
0,0967472661476884;0,994436420672568;-0,0416673941215362
-0,931154939934806;-0,255126743020503;-0,2605010994809
-0,373672099503965;0,600130242510261;-0,707257275732724
0,184068895800835;0,412505148885412;-0,892164863543552
0,948531362860423;-0,115290757038582;0,294951343464679
-0,382381562352501;0,284222812877016;-0,879205171398086
-0,339918344351795;0,38621925287261;-0,857490645945282
0,790773206573447;-0,510174642766767;-0,338230054317103
-0,140438281837189;0,228759690971305;0,963299586204277
-0,992032253659031;0,00777013953520092;-0,125744314510784
0,789660331372238;0,520149875632684;-0,325393097554926
-0,850448381080014;0,52598734337688;0,00865249823555878
0,681664289609345;0,0603161367319613;0,729174711520578
-0,721772710506282;-0,623091734484023;-0,301331785223707
-0,300332745378427;-0,802322297621468;-0,515828627349108
0,33965387975751;-0,58951646826142;0,732874870366185
0,0547062978051998;0,295810353830851;0,953678905893863
0,97214314730788;-0,058899016890785;-0,226866936664706
0,205981980482706;-0,0799705044571494;0,975282596037318
0,0342750008832706;0,928839451970375;-0,368893611733553
-0,190611859143298;0,424992924846201;0,884900069490678
0,697664453717743;-0,678055963594757;0,231310225135659
-0,567439181327245;-0,778693527041469;0,267673619242508
0,152559432204365;-0,92910689293007;0,336876833806235
0,575748719346876;-0,330937195078523;-0,747659003212021
-0,86986220741801;-0,468610062577776;-0,154092015875967
-0,681700032338243;-0,375462715331664;0,627943321730403
-0,317839264210886;0,83555820429487;0,448130214738323
-0,448146001504498;0,519756363778866;-0,727336568341578
-0,523033783820749;0,751751796248974;-0,401627810066224
-0,289323550213169;0,644217729341977;0,708008051150208
0,961739429880489;0,198263119574695;-0,189074071278062
0,83013285466082;0,373655933637343;-0,413836546078622
0,159488561173939;0,904695646081385;-0,395081240779732
-0,391024574240892;0,891641053365154;-0,22820169651781
0,647720385653683;0,08254816175327;0,757392964715015
0,361348512786185;-0,199310648650051;-0,910880078628306
-0,00563083630253226;0,515046975113049;-0,857143457718387
-0,512558679188822;-0,0378553539193039;0,857817330535968
0,313327600838029;-0,128339388182309;0,94093294978658
-0,0905271649728709;-0,701685570543492;-0,706712241646505
-0,75607482321769;-0,235440446860007;0,610670662205659
0,0361845946335219;0,941560689438993;0,334894226905117
-0,277544643880655;-0,053148710260662;-0,959241463475588
